clasificacion,texto
Falso,"Solanas: “El 90% de lo que exportamos a China son productos primarios, y el 90% de lo que le importamos son bienes industriales”"
Falso,"VERDADERO, PERO... La relación comercial con el país asiático presenta las características citadas, aunque en las exportaciones se incluyen las Manufacturas de Origen Agropecuario (MOA), principalmente aceites, que si bien no son de carácter primario, comercialmente se comportan como tales."
Verdadero,CFK: “Hoy las emisiones de dióxido de carbono de los países avanzados (…) son más de 35 veces las de los países de menores ingresos”
Verdadero,"VERDADERO, PEROLas cifras mencionadas por la presidenta coinciden con los datos disponibles, pero la  emisión per cápita de los países con más ingresos es la más baja desde 1986. La diferencia con el resto de las naciones también disminuye.  "
Verdadero,Rossi: “El crecimiento del delito narco tuvo lugar durante los cuatro años de gobierno de Binner y el año de Bonfatti”
Verdadero,INSOSTENIBLEEl diputado aseguró que el tráfico de drogas en la provincia es responsabilidad de los gobernadores. Pero no hay suficiente evidencia como para asegurar que se trata de un fenómeno exclusivamente provincial y de los últimos cinco años.
Falso,Alberto Pérez: “Hoy otras provincias paradójicamente reciben más que nosotros [por el fondo del conurbano]”
Falso,VERDADEROEl jefe de Gabinete bonaerense habló de los problemas fiscales de la Provincia y de su desventaja en la repartición de recursos coparticipables. El dato que citó es exacto.
Verdadero,Héctor Recalde: “Seis o siete hipermercados concentran el 85% de las ventas del país”
Verdadero,"EXAGERADOLa concentración existe, pero en menor grado que la planteada por el diputado y no difiere de la de otros países."
Falso,"Alak: “[Hemos] designado una inmensa cantidad de jueces,(…) no puede atribuirse (…) al Ejecutivo solamente que todavía haya vacantes”"
Falso,"ENGAÑOSOEl ministro aseguró que el gobierno ha designado “una inmensa cantidad de jueces”. Si bien el número es alto, ello responde a las vacantes que se abrieron y no sólo a una decisión del Ejecutivo. Además, el oficialismo tiene influencia en el Consejo de la Magistratura, el otro responsable de los retrasos."
Falso,Yauhar: “Los mayores exportadores de granos de los últimos tiempos fueron AFA y ACA”
Falso,"FALSOEl ministro de Agricultura afirmó que las principales exportadoras agrícolas son cooperativas nacionales. Aunque se cuentan entre las 15 primeras, no son las mayores."
Falso,Macri: “[Redujimos] la basura en un 5%”
Falso,"VERDADERO, PERO…El jefe de Gobierno de la Ciudad se refirió al compromiso de reducir la cantidad de desechos que se producen. Efectivamente el año pasado hubo una baja, pero relativamente pequeña en relación con las exigencias de la Ley de Basura Cero."
Verdadero,"CFK: “Todas las líneas aéreas del mundo, absolutamente todas, son deficitarias”"
Verdadero,"FALSOLa Presidenta quiso defender así la gestión de Aerolíneas Argentinas. Sin embargo, existen aerolíneas en la región y en el mundo que obtuvieron resultados positivos en los últimos dos años, además de registrar mejores indicadores físicos de eficiencia e inversión."
Falso,Gils Carbó: “Solo llega a condena el 10% de los delitos económicos”
Falso,"VERDADEROLas estadísticas, tanto las oficiales como las de ONG, muestran esa tasa de condena. Entre las razones se encuentran la falta de incentivos para la investigación de casos complejos, la falta de formación y recursos en ciertos organismos y la duración de las causas."
Verdadero,Rossi: “Se han rescatado casi 4000 chicas víctimas de la trata desde el 2008”
Verdadero,"VERDADERO, PERO...Los datos oficiales respaldan los dichos del diputado, aunque se refieren a personas de ambos sexos. Los especialistas consultados y los organismos de derechos humanos mencionan el bajo porcentaje de condenas."
Verdadero,CFK: “Los jueces nunca se condenan a sí mismos”
Verdadero,"FALSOLa Presidenta quiso remarcar así el carácter corporativo del Poder Judicial. Los especialistas consultados coinciden en que si bien las destituciones no son habituales, existen varios casos. Además, desde la vuelta de la democracia hay más condenas penales a jueces que a legisladores y funcionarios de primera línea."
Falso,Bullrich: “El Gobierno de la Ciudad ha triplicado el salario docente”
Falso,"ENGAÑOSOEl ministro de Educación porteño utilizó este argumento para defender la política llevada a cabo por la gestión actual. La afirmación coincide con los datos oficiales, pero comparándolos con los de otras provincias se produjo un deterioro de la situación salarial de los docentes."
Falso,Zaffaroni: “[La Argentina] no registra cifras alarmantes de criminalidad en relación con las de la región”
Falso,"VERDADERO, PERO…Es cierto que las tasas registradas de criminalidad son bajas en comparación con la región, pero ésta es una de las más violentas del mundo."
Verdadero,“El PAMI no está alcanzado por el decreto de acceso a la información pública”
Verdadero,"Así lo argumentó en la instancia judicial el Instituto Nacional de Servicios Sociales para Jubilados y Pensionados (INSSJP, es decir el PAMI) ya que se trata de un organismo no estatal. Sin embargo, tanto el fallo de la Corte como la opinión de los especialistas lo contradicen."
Falso,Feletti y la Ley de Basura Electrónica
Falso,"DISCUTIBLEEl diputado argumentó que el proyecto que perdió estado parlamentario no tenía antecedentes internacionales y perjudicaba la competitividad de las empresas, además de obligarlas a importar tecnología. No está claro que su implementación hubiera tenido esos efectos."
Falso,CFK: “En el 2011 el 90% de las personas que necesitaban de un medicamento especial (…) lo recibieron a través de este plan”
Falso,EXAGERADOLa Presidenta se refirió así al alcance del Programa Remediar. Ese plan alcanzó una cobertura similar en los centros de atención primaria pero no en los hospitales públicos.
Falso,"Kicillof: “La demanda [eléctrica] se expandió un 41% entre el 2003 y el 2011, casi un 50% más que en la fase neoliberal”"
Falso,"VERDADERO, PERO…Es cierto que el consumo eléctrico creció desde el final de la década del ’90, aunque la producción energética no acompañó ese proceso. "
Verdadero,Scoccimarro: “La pauta oficial representa sólo el 5% del total en relación a la privada”
Verdadero,"ENGAÑOSOEl funcionario omitió el gasto de Fútbol para Todos. Si se suma este programa, la inversión de la Nación alcanza el 8% del total, lo que la convierte en uno de los principales actores del mercado. Además, no mencionó el crecimiento de la pauta pública en el mismo periodo, que fue mayor a la total."
Falso,Facundo Moyano: “El salario mínimo va a estar en $ 2800 y se cuenta como ocupados a trabajadores que están cobrando $ 1700”
Falso,"VERDADERO, PERO...El diputado cuestionó que se considere como ocupados a beneficiarios que estarían cobrando por debajo del salario mínimo. Si bien hoy el Ministerio de Desarrollo Social informa que los cooperativistas cobran un ingreso similar por ocho horas, en la práctica existen excepciones."
Verdadero,Moyano: “No es posible que haya el 40% de trabajo precario”
Verdadero,VERDADEROEl sindicalista habló de la situación de los trabajadores. Efectivamente una parte importante de los ocupados están desprotegidos.
Verdadero,CFK: “[Este] proyecto político ha generado más de cinco millones y medio de puestos de trabajo”
Verdadero,ENGAÑOSOLa Presidenta se refirió a la creación de empleos. Pero los puestos de trabajo no son sinónimo de nuevos trabajadores.
Falso,Prat Gay: “La inversión cayó al mismo ritmo que [en] el 2001”
Falso,"FALSOAsí lo sostuvo el diputado nacional por la Coalición Cívica. Los datos evidencian una caída en la inversión, pero no comparable con la de la crisis."
Falso,Pianelli: “[Desde el aumento del subte bajaron] 300 mil pasajeros diarios”
Falso,"VERDADEROEl sindicalista se refirió así a las consecuencias de la suba de la tarifa en enero de 2011. Los trenes también perdieron usuarios, mientras que los colectivos aumentaron."
Verdadero,"Sileoni: “Cuando yo iba a la escuela secundaria asistía menos del 40% de los jóvenes de mi edad, hoy asisten el 82%”"
Verdadero,"VERDADERO, PERO…El ministro de Educación se refirió así al aumento de la escolarización. Es cierto que hubo un fuerte proceso de expansión, aunque la exclusión persiste debido a la deserción."
Verdadero,CFK: “Hemos permitido que todos los partidos políticos (…) tuvieran el mismo e igualitario acceso a la publicidad electoral”
Verdadero,"La Presidenta se refirió a la ley sancionada en 2009, que significó un avance en el acceso de todos los partidos políticos a los grandes medios. Pero la no regulación de la publicidad oficial produjo inequidad en la competencia electoral al beneficiar a los oficialismos."
Falso,Costantini: “El gravamen [de la Ley de Hábitat] es absolutamente excesivo”
Falso,"DISCUTIBLEEl empresario criticó el porcentaje dispuesto por la ley que se tratará en el Senado bonaerense y puso el ejemplo de Nordelta, que ya aporta. Sin embargo, la propuesta es similar a lo que se hace en otros países."
Falso,"Alak: “[En las cárceles federales hay] condiciones de alojamiento adecuadas, sin el problema de la superpoblación”"
Falso,"DISCUTIBLEEl ministro de Justicia de la Nación se refirió a la situación en el sistema penitenciario. Aunque estadísticamente es así, el promedio esconde realidades diferentes entre las cárceles, algunas de las cuales tienen superpoblación."
Falso,Santilli: “La Ciudad es el único distrito que este año enterró menos basura en la CEAMSE”
Falso,EXAGERADOEl ministro de Ambiente y Espacio Público de la Ciudad se refirió así al conflicto por el entierro de desechos en los rellenos en la Provincia. Pero no es la única jurisdicción que disminuyó los aportes de basura.
Falso,Zamora: “La Argentina se extranjerizó más que en la época de Menem; profundizó la extranjerización”
Falso,"DISCUTIBLEEl dirigente político habló de la cantidad de empresas en manos extranjeras. Efectivamente su número creció desde la década del 90, aunque no existen datos posteriores a la estatización de YPF. "
Falso,¿La economía de Colombia superó la de la Argentina?
Falso,"FALSOEn declaraciones formuladas originalmente por el ex ministro de Economía de Colombia, y ratificadas por el ex funcionario Roberto Lavagna, se afirma que la Argentina cedió su posición como segunda economía de América del Sur. Sin embargo, ello es falso."
Falso,"CFK: “En toda la historia de la Argentina se habían construido, hasta el 2003, 8.000 km de líneas de alta tensión y desde el 2003 a la fecha hemos construido 5.500 km”"
Falso,"EXAGERADODurante la gestión de los Kirchner se amplió la red de alta tensión de 500 kv, pero no tanto como afirmó la Presidenta. El mayor impulso se dio desde 2008."
Falso,¿Las provincias más necesitadas son las que menos recursos reciben?
Falso,"VERDADEROLa senadora de Salta, Sonia Escudero, criticó el proyecto oficial por no privilegiar el gasto en las provincias que tienen mayores índices de pobreza y necesidades básicas. Los datos confirman sus dichos."
Verdadero,CFK: “En [los] Estados Unidos para medir la inflación no los toman [a los alimentos y a la energía]”
Verdadero,"FALSOLa Presidenta afirmó que la baja tasa de inflación en ese país se debe a que la medición no incluye la energía ni los alimentos, pero en realidad la medición sí los toma en cuenta."
Falso,Clarín: “El Gobierno generó la mitad de los empleos que dice haber creado”
Falso,"ENGAÑOSOEl diario tituló desmintiendo una de las frases habitualmente citada como logro por el Gobierno nacional. Sin embargo, se mezclan distintos conceptos. Por otro lado, la presentación que hacen de las estadísticas laborales algunos funcionarios no siempre es clara."
Falso,¿Son ilegales las retenciones al biodiesel?
Falso,"DISCUTIBLEEl columnista Carlos Pagni afirmó en La Nación que los decretos que modificaron las alícuotas exceden las facultades del Ejecutivo. Existe, empero, un debate sobre la caducidad de la potestad que tiene el PEN para fijar este tipo de impuestos."
Falso,"Kicillof: “Los impuestos progresivos representaban el 23% [en los ´90], y ahora representan el 43% del total de la recaudación”"
Falso,"VERDADERO, PERO...El viceministro aludió de este modo al cambio hacia la progresividad del sistema tributario argentino, algo que confirman los datos. Los especialistas hacen notar, empero, ciertas limitaciones en ese proceso."
Verdadero,"Lozano: “[La industria] es sólo del 17% del PBI, igual que en la década del 90″"
Verdadero,"VERDADERO, PERO…El diputado discutió así que se esté asistiendo a un proceso de reindustrialización en el país. Las cifras son similares a las citadas, pero esconden una realidad más compleja."
Verdadero,Macri: “La Ciudad cumplió con el fallo de la Corte Suprema y reglamentó el aborto no punible mediante un protocolo”
Verdadero,"FALSOEl jefe de Gobierno porteño aseguró que el veto de la ley que reglamentaba los casos de aborto no punible no impide el acceso a este derecho, garantizado por la Corte Suprema. Sin embargo, los especialistas señalan lo contrario."
Falso,De Gennaro: “Los trabajadores de las fuerzas de seguridad pública pueden sindicalizarse”
Falso,"DISCUTIBLEEl diputado habló sobre la posibilidad que los trabajadores de las fuerzas de seguridad puedan agremiarse. Hoy el Ministerio de Trabajo no lo permite, aunque la legislación no es clara al respecto."
Falso,D’ Elía: “[En el 2001] teníamos 8 millones de desocupados y 185 mil fábricas cerradas”
Falso,"EXAGERADOEl dirigente señaló cifras sobre la situación del país en la crisis del 2001. Los datos oficiales coinciden en la orientación, pero no así en las cantidades."
Falso,"CFK: “Los programas sociales representan el 1,2% de nuestro PBI y son los más importantes de Latinoamérica”"
Falso,DISCUTIBLEEl porcentaje citado es correcto. La ubicación relativa a la región depende de los criterios de ponderación que se utilicen.
Falso,"Rossi: La ley de “superpoderes” “está vigente desde 2006 y nunca ningún jefe de Gabinete la utilizó en más del 1,5 o 1,8% del monto total del presupuesto”"
Falso,"VERDADERO, PERO…Los montos que la Jefatura de Gabinete reasigna desde ese año son similares a los mencionados por el diputado. Sin embargo, Rossi omitió referirse a las ampliaciones del presupuesto y a los DNU, que alcanzan valores relevantes respecto del presupuesto inicial."
Verdadero,Pianelli: “No debe haber ciudad en el mundo que no subsidie su transporte público”
Verdadero,"VERDADEROEl dirigente sindical afirmó que de eliminarse el subsidio la Ciudad sería una excepción. Efectivamente, bajo distintas modalidades, se trata de una práctica común en el mundo."
Verdadero,Adolfo Rodríguez Saá: “Nadie habla del voto de los extranjeros (…) que son millones”
Verdadero,"FALSOEl senador puntano criticó así la iniciativa oficial, pero los números no muestran que esa sea la magnitud de los votantes que se incorporarían."
Falso,CFK: “[La Argentina es] el cuarto exportador mundial de contenidos audiovisuales”
Falso,"Exagerado La Presidenta se refirió al rol del país en este tipo de industria. Aunque es cierto que aparece en los primeros puestos de rankings internacionales, el cuarto lugar se refiere a los formatos televisivos y no al sector en general."
Falso,Massa: “El voto electrónico es importante para romper las manipulaciones”
Falso,"INSOSTENIBLEEl funcionario dio a entender que con este sistema se terminaría con las irregularidades en los procesos electorales bonaerenses, pero no existen datos ni experiencias que lo avalen."
Falso,Bossio: “No hay deuda con la provincia de Córdoba”
Falso,DISCUTIBLEEl director de la ANSES aseguró que no tenía obligación de pagar los montos comprometidos en 2009. Pero no están claros los criterios bajo los cuales tal cosa puede afirmarse.
Falso,CAME: “Hoy la industria argentina es la base del empleo”
Falso,"EXAGERADOSi bien es cierto que aumentó el empleo en el sector, las cifras censales del INDEC y otras fuentes oficiales, no confirman tal rol de la industria."
Falso,De Vido: “Hoy el 75% de la población está en condiciones de recibir la televisión digital”
Falso,"VERDADERO, PERO...La afirmación del ministro coincide con la información disponible. Así, la Argentina es el país más avanzado de la región en la materia, pero no todos los que están cubiertos hoy acceden a la televisión digital."
Verdadero,Vidal: “El presupuesto que se destina a salud es el 20% del total”
Verdadero,"ENGAÑOSOLa vicejefa del Gobierno porteño utilizó este argumento para defender la gestión sanitaria actual. Aunque el dato es exacto, durante el período 2008-2011 se registró la inversión promedio más baja en salud desde el año 2000."
Falso,CFK: “El tipo de cambio no está retrasado”
Falso,"FALSOLos cálculos de Chequeado.com, que toman como base datos oficiales del país, de los Estados Unidos y de Brasil, no permiten coincidir con tal afirmación."
Falso,Piñera: “La pobreza en Chile está disminuyendo”
Falso,"INSOSTENIBLEEl mandatario aseguró que la cantidad de personas por debajo de la línea de la pobreza disminuyó entre 2009 y 2011, pero una investigación del sitio CIPER muestra irregularidades en el método de análisis estadístico."
Falso,Alfonsín: “La Nación debe coparticipar como mínimo según ley el 34% de lo que recauda [pero] sólo le manda el 24% [a las provincias]”
Falso,FALSOEl diputado radical habló de la coparticipación y afirmó que el porcentaje que se distribuye está por debajo de la ley. La comparación entre las cifras no es correcta.
Falso,"CFK: “De aquellos 200 pesos a estos 2875 [el aumento del salario mínimo, vital y móvil] significa un 1338%”"
Falso,"ENGAÑOSOLa suba mencionada por la Presidenta no considera el aumento de precios. El período tomado oculta, además, un comportamiento no uniforme en la evolución del SMVM, que incluso cayó en términos reales desde su última actualización en 2011."
Falso,Pagni: “La producción de YPF va cayendo mes a mes”
Falso,"APRESURADOAunque en los últimos años la producción de la empresa ha caído, a partir de abril se ve un leve aumento. Los especialistas consultados destacan, de todas maneras, que es prematuro evaluar los resultados obtenidos por la gestión estatal."
Falso,Giorgi: la Argentina “tuvo el crecimiento más importante de su historia”
Falso,"EXAGERADOLa ministra de Industria lo aseguró en su exposición en el Consejo de las Américas. Si bien el período iniciado en 2003 fue uno de los de mayor crecimiento, no es el más importante desde 1810."
Falso,Rogelio Frigerio: “La Argentina tiene una presión impositiva similar a la de los países nórdicos”
Falso,"EXAGERADOEl legislador porteño afirmó que la carga impositiva del país es igual a la de los que más impuestos cobran, pero está a varios puntos de la mayoría de estos países."
Falso,Alberto Pérez: “Somos la provincia del país que más invierte en términos relativos en educación”
Falso,VERDADEROEl jefe de Gabinete bonaerense se refirió al gasto educativo como porcentaje del presupuesto. Los datos indican que Buenos Aires es la provincia que más esfuerzo financiero realiza.
Verdadero,La Nación: “La Argentina [posee] una rotación claramente deficiente”
Verdadero,El diario La Nación afirmó que la rotación de cultivos nacional no es óptima. Los expertos y los datos coinciden.
Verdadero,Tomada: “El 80% de los trabajadores [rurales] no está registrado”
Verdadero,"VERDADEROEl ministro de Trabajo lo anunció luego de la auditoría al ex-Renatre. Aunque no existen cifras exactas, tanto los datos oficiales como los alternativos arrojan resultados similares."
Verdadero,Sileoni: “La cifra que manejamos [de incremento de la matrícula por la AUH] es de 120 mil nuevos estudiantes”
Verdadero,"INSOSTENIBLELo afirmó el ministro de Educación al hablar del impacto del beneficio. Sin embargo, las cifras del Ministerio no permiten afirmar que el incremento de la matrícula entre 2009 y 2010 -menor al mencionado por Sileoni- pueda ser atribuido a la AUH."
Falso,"Scioli: “Tenemos el 70% [de cobertura] de cloacas y agua potable, cuando hace 4 años teníamos el 40%”"
Falso,INSOSTENIBLELa afirmación del gobernador proviene de un cálculo que no se pudo verificar. Los datos censales -que miden el porcentaje de hogares efectivamente conectados a estos servicios- muestran un leve aumento en el acceso.
Falso,Macri: “Hace 5 años empezaron los paros en los subtes”
Falso,"FALSOEl jefe de Gobierno porteño dio a entender con sus declaraciones que las huelgas en el subterráneo afectan sólo a su gestión, pero la historia muestra otra cosa."
Falso,"Lavagna: “No se ha creado empleo en los últimos 3 años, excepto en el sector público”"
Falso,"FALSOEl ex ministro de Economía se refirió a la situación del empleo en la Argentina, una afirmación que no respaldan los datos disponibles."
Falso,Bonfatti: “Lo que nos debe [la ANSES] son 1.307 millones”
Falso,VERDADEROEl gobernador de Santa Fe mencionó una deuda que mantiene la ANSES con la provincia. La cifra coincide con la información del sistema previsional santafesino.
Verdadero,Mariotto: “Hoy hay una gran superpoblación en los penales bonaerenses”
Verdadero,"VERDADEROEl vicegobernador se refirió al estado del sistema penitenciario bonaerense, un dato que es respaldado por los datos del Ministerio de Justicia y Seguridad provincial."
Verdadero,"Feletti: “Por cada punto que crece el producto, las importaciones crecen tres puntos”"
Verdadero,"VERDADERO, PERO…El diputado oficialista habló de la relación entre las importaciones y el crecimiento del país. Aunque la relación no es tal con el PBI sí lo es con el PBI industrial."
Verdadero,Felipe Solá: “Hoy existe el mismo déficit de viviendas que en 2007”
Verdadero,"DISCUTIBLELa afirmación parte de un estudio en el que se considera a los inquilinos como “hogares con carencias habitacionales”, un tratamiento sobre el cual no existe consenso. Otra investigación muestra un leve descenso tanto en la tenencia irregular como en la precariedad de las viviendas."
Falso,Biolcati: “Con esas políticas (…) se destruyó el stock ganadero en la Argentina”
Falso,"EXAGERADO El presidente de la Sociedad Rural lo dijo en el tradicional discurso de la Exposición Rural. Es cierto que hubo una baja importante, pero no todo es atribuible a las decisiones del gobierno y parece exagerado hablar de una “destrucción”."
Falso,Prat Gay: “Nuestra única conexión relevante con el mundo es el precio de la soja”
Falso,"ENGAÑOSOEl diputado omitió la existencia de otros vínculos de importancia de la economía argentina con la global, que no transcurren por momentos tan favorables como el destacado como “único” por el ex presidente del Banco Central."
Falso,Abal Medina: “Este año es el año que más ingresos les han llegado a las provincias [por coparticipación]”
Falso,"ENGAÑOSOEl jefe de Gabinete de Ministros se refirió a las transferencias del Gobierno nacional a las provincias. Aunque es cierto que su monto aumentó, lo hizo a un menor ritmo que los años anteriores y no es posible saber si lo hizo en términos reales."
Falso,Piumato: “Hay más de un millón de trabajadores que no llegan [al salario mínimo]”
Falso,"DISCUTIBLELa mayoría de las estimaciones le dan la razón. Por otra parte, no existen cifras oficiales que permitan ratificarlas."
Falso,"Buenos Aires, ¿el primer mundo en mortalidad infantil?"
Falso,"VERDADERO, PERO…El ministro de Salud porteño, Jorge Lemus, afirmó que la Ciudad registra una tasa comparable con la de los países del primer mundo. El número coincide, pero no refleja cabalmente la realidad sanitaria."
Verdadero,Pignanelli: “La actividad automotriz está prácticamente igual que el año pasado”
Verdadero,FALSOLos datos disponibles sobre producción y exportaciones en el sector no respaldan los dichos del titular de SMATA.
Falso,"Clarín: “De las 32 leyes votadas desde diciembre, 23 las envió el Gobierno”"
Falso,"VERDADERO, PERO…El diario publicó una nota con las estadísticas de aprobación de leyes del Congreso. Aunque es cierto que la mayoría de ellas fue presentada por el Ejecutivo, el dato dice poco sobre la actividad del Congreso, y no es significativamente distinto de otros años."
Verdadero,Santilli: “[No hay] un gobierno que haya avanzado como nosotros en el cumplimiento de la ley de Basura Cero”
Verdadero,FALSOEl ministro porteño destacó los logros en el manejo de los residuos. Pero los resultados no muestran un avance.
Falso,"Nilda Garré: “Si vamos al (…) homicidio, la Argentina, según datos de Naciones Unidas, está muy por debajo de otros países latinoamericanos”"
Falso,"VERDADERO, PERO… La ministra de Seguridad comparó las cifras de homicidios de la región. El dato es cierto, pero parte de un índice del 2009 donde no se incluyó a la Provincia de Buenos Aires."
Verdadero,Binner: “A las jurisdicciones sólo llega [por coparticipación] entre el 25 y el 28 por ciento”
Verdadero,FALSOLos dichos del líder del Frente Amplio Progresista son desmentidos por los datos de los tributos que la Nación reparte por ley entre el conjunto de las provincias.
Falso,Verbitsky: “[Entre 2008 y 2011] Buenos Aires mermó [su recaudación] en 13.500 millones”
Falso,"En una columna dominical, el periodista afirmó que hubo una caída en la recaudación provincial bonaerense. Los datos oficiales dejan ver en cambio un aumento continuo desde el 2002."
Falso,Seis de cada diez mujeres presas lo están por “mula” o venta de drogas
Falso,"VERDADEROLo afirmó Silvia Martínez, defensora pública nacional. La gran mayoría de las mujeres del sistema federal está presa por delitos vinculados al narcotráfico."
Verdadero,Urtubey: “[Salta] es la provincia que tiene menos presupuesto por habitante (…) y no tenemos problemas ni necesidad de la ayuda de nadie”
Verdadero,"ENGAÑOSOEl gobernador de Salta se refirió a la situación fiscal de su provincia. Aunque es verdad que tiene uno de los gastos más bajos por habitante, gran parte de sus recursos provienen de la coparticipación federal."
Falso,CFK: La Argentina tiene el “mejor poder adquisitivo de América Latina para nuestros asalariados”
Falso,VERDADEROLa Presidenta aseguró que el país tiene el mejor salario en relación al costo de vida de la región. Los estudios disponibles muestran que esto es así.
Verdadero,Alperovich: “[Entre 2003 y 2011] creamos 300 mil empleos”
Verdadero,FALSOEl gobernador de Tucumán mencionó el dato como ejemplo de los avances de su gestión. Las estadísticas oficiales de la EPH desmienten sus dichos.
Falso,Lozano: “En los últimos seis meses se destruyeron 328 mil puestos de trabajo”
Falso,VERDADEROEl diputado cuantificó el descenso en la población ocupada. Los números le dan la razón.
Verdadero,Arlía: “Somos la provincia que menos recibe de coparticipación federal”
Verdadero,"VERDADEROEn términos relativos, Buenos Aires es la provincia a la que se le otorgan menos recursos en el régimen de coparticipación."
Verdadero,"Víctor Hugo: “No debe haber nadie, ni el Gobierno nacional ni Macri, que haya invertido en publicidad lo que ha invertido Scioli”"
Verdadero,FALSOEl conductor de un programa de Radio Continental se refirió al gasto de la gobernación de Scioli en este rubro. Los últimos datos oficiales que permiten hacer una comparación no sustentan sus dichos.
Falso,Kunkel: “Los índices de criminalidad y de delitos son superiores a los que eran [con Solá]”
Falso,INSOSTENIBLEEl diputado afirmó que los indicadores de seguridad aumentaron bajo la gobernación de Scioli. Pero los datos no permiten saber con certeza cuál fue la evolución de los delitos.
Falso,Página 12: “[Hay una] subrepresentación del Gran Buenos Aires en la Cámara de Diputados de la Nación”
Falso,El periodista Martín Granovsky afirmó que el Gran Buenos Aires tiene menos diputados de lo que le correspondería por la cantidad de habitantes. El análisis de la Cámara muestra esta distorsión.
Verdadero,Lavagna: “El empleo público tiene más personas que todo el empleo de la industria”
Verdadero,VERDADEROEl ex ministro de Economía se refirió a la estructura del mercado laboral. Su afirmación se sostiene con los datos disponibles.
Verdadero,Mariotto: “[Hoy hay] pleno empleo”
Verdadero,"FALSOEl vicegobernador de la Provincia de Buenos Aires criticó con este argumento, entre otros, el paro del Sindicato de Camioneros. Pero los datos no muestran una situación tan favorable."
Falso,"Según Sanz, el proyecto de reforma del nuevo Código Civil y Comercial reduce la responsabilidad del Estado"
Falso,"APRESURADOEl senador aseguró que el proyecto reduciría la responsabilidad del Estado y de los funcionarios, pero no es seguro que sea así.ADEMÁS...> La confusión sobre la pesificación"
Falso,"Según Lozano, los barrios cerrados ocupan el doble de superficie que la Ciudad"
Falso,VERDADEROEl diputado afirmó en un documento que las urbanizaciones privadas de la región metropolitana representan el doble que la superficie de la Ciudad. Los datos le dan la razón.
Verdadero,¿Es Gran Bretaña el país con más paraísos fiscales de todo el G-20?
Verdadero,VERDADEROLa afirmación fue utilizada por la Cancillería argentina para responder a las críticas del primer ministro inglés David Camerón.
Verdadero,CFK: “Somos el país que más celulares por habitante tiene de toda América”
Verdadero,"FALSOLa Presidenta se refirió al tema en un almuerzo en el Council de las Américas. Los últimos datos disponibles de la ONU ubican a Panamá en ese lugar. Además, ¿qué significa esto en términos de desarrollo tecnológico?"
Falso,Kicillof: “Los programas [de vivienda] han representado desde 2003 un total de más de 900 mil soluciones habitacionales”
Falso,"VERDADEROEl viceministro de Economía aludió así a la cantidad de viviendas y mejoramientos logrados desde la asunción de Néstor Kirchner, cifra que respaldan los números disponibles sobre el tema, pese a que no es lo mismo soluciones habitacionales que viviendas.ADEMÁS...>Kicillof: Duplicamos la cantidad de viviendas que se construyeron entre 1992 y 2002. ENGAÑOSO"
Verdadero,"Alak: “Si el contrato es en moneda extranjera, se deberá cumplir lo que establece el contrato”"
Verdadero,DISCUTIBLEEl proyecto de reforma y unificación del Código Civil y Comercial podría modificar la modalidad de pago de los contratos. No está claro por el momento cómo se definirá.
Falso,“Hemos garantizado la cobertura de todas las vacantes para los niños de 4 y 5 años”
Falso,VERDADEROLas cifras oficiales revelan que la cobertura total alcanzó los niveles mencionados por el ministro y que mejoró desde el año 2010.
Verdadero,Biolcati: “El 70% de los ingresos se va a través de la presión impositiva”
Verdadero,"DISCUTIBLE El dirigente rural habló de una carga impositiva excesiva. Los estudios basados en las leyes le dan la razón, pero no así los que consideran la recaudación efectiva."
Falso,Jorge Argüello: “Argentina no decrece en el monto de inversiones que recibe de EE.UU. sino que la tendencia es en alza”
Falso,VERDADEROEl embajador argentino en Washington se refirió a la evolución del stock de inversiones proveniente del país del Norte. Las cifras del Banco Central y la CEPAL respaldan sus dichos.
Verdadero,"Macri: “La cantidad de personas en situación de calle se mantiene estable, con una tendencia a disminuir”"
Verdadero,INSOSTENIBLEEl jefe de Gobierno se basó en el resultado de un censo difundido por el Ministerio de Desarrollo Social porteño. Éste último proviene de un operativo cuya metodología no se describe en detalle.
Falso,"Abal Medina: “Somos el segundo país con mayor circulación de dólares, con más de 1300 por habitante”"
Falso,INSOSTENIBLEEl Jefe de Gabinete aseguró en su presentación frente al Senado que la Argentina es el país con más dólares per capita fuera de los Estados Unidos. Pero la cifra data de 2006 y está cuestionada.
Falso,Santilli: “El gasto de la basura en el total del presupuesto alcanzó el piso histórico”
Falso,FALSOEl ministro de Ambiente y Espacio Público defendió así la gestión del gobierno local para reducir el costo en recolección de residuos. Los datos oficiales del Ministerio de Hacienda no respaldan sus dichos.
Falso,Aníbal Fernández: “El 11% de los argentinos compra dólares”
Falso,"DISCUTIBLESegún un informe del Banco Central esa sería la cifra, pero hay factores que hacen dudar de que ese sea el porcentaje."
Falso,"Según Morales, aumentó el desempleo"
Falso,"APRESURADOAunque se registró un aumento en el desempleo en el primer trimestre, se trata de un proceso cíclico que ocurre todos los años."
Falso,"CFK: “En la ciudad de Buenos Aires y en toda la campaña, según el censo de 1778, la mitad de la población eran negros”"
Falso,"FALSOEl censo citado por la Presidenta arroja que los habitantes africanos eran un 24% del total. Sin embargo, la envergadura real de la población resulta imposible de saber a ciencia cierta, puesto que muchos no figuraban en los padrones."
Falso,Aníbal Fernández: “Todos [los gobernadores] tuvieron discusiones con sus vicegobernadores cuando tenían vuelo propio”
Falso,VERDADEROLos casos de conflicto entre vicegobernadores y gobernadores abundan en la historia reciente argentina.
Verdadero,Timerman: “El 50% del superávit proviene de África: 25% del Magreb y 25% del África negra”
Verdadero,"ENGAÑOSOEl canciller defendió la misión comercial de CFK a Angola y mencionó datos ciertos sobre el saldo que la Argentina obtuvo de su comercio con África. Sin embargo, el país visitado se ubica en una región que sólo significó el 8% del superávit total."
Falso,CFK: La inversión pública “significó en los últimos 9 años aproximadamente 4 o 5 puntos del PBI por año”
Falso,"VERDADERO, PERO…Las cifras oficiales -sólo recientemente publicadas- indican que la inversión pública recién superó el 4% del PBI en 2009 y 2010, aunque la media del período fue de 3,7 por ciento. Los niveles son aún inferiores a los históricos del país."
Verdadero,CGT: “El salario no es una ganancia”
Verdadero,"ENGAÑOSOLa Confederación General del Trabajo utiliza el slogan en su campaña contra el impuesto a las ganancias, pero aunque el nombre puede llamar a confusión, es uno de los impuestos más progresivos."
Falso,"“La coparticipación era del 50-50, después fue del 60-40 y ahora es 75 para Nación y 25 para las provincias”"
Falso,"El jefe de Gobierno mencionó cifras que no coinciden con las de la serie histórica. De todos modos, existe una centralización en la distribución de los recursos, y, por otra parte, un incumplimiento del piso mínimo establecido por la ley de coparticipación."
Falso,Arslanián: “La mayoría de los casos de muerte policial son fuera de las horas de servicio”
Falso,VERDADEROEl ex ministro de Seguridad de la provincia habló de la violencia policial y el debate sobre la portación de armas fuera de sus horarios de trabajo. Casi el 80% de las bajas se dan en ese contexto.
Verdadero,“El mundo se está cayendo encima de nosotros”
Verdadero,ENGAÑOSOLa Presidenta se refirió a la crisis internacional y al efecto que ello podría tener sobre el país. Pero las condiciones externas que repercuten directamente sobre la economía argentina están lejos de merecer calificativos como el expresado.
Falso,Santilli: “La Ciudad subsidia el 50% del CEAMSE”
Falso,"ENGAÑOSOEl ministro de Ambiente y Espacio Público se refirió al conflicto de la basura. Afirmó que la Ciudad presta asistencia al CEAMSE a través de los fondos de capital, pero no se trata de un subsidio sino de una obligación contractual con la provincia. ADEMÁS...>Lejos de la meta Basura 0"
Falso,Moyano: “El que vivía en la villa sigue en la villa y el que alquilaba sigue alquilando”
Falso,"APRESURADO / VERDADEROLos datos de 2010 sobre la población en villas no fueron publicados, por lo que no es posible afirmar si ella aumentó o disminuyó. La cantidad de inquilinos, en cambio, evolucionó en el sentido mencionado por el secretario general de la CGT."
Falso,La Nación: La defensa de los DD.HH. debería alcanzar tanto al terrorismo de Estado como al accionar guerrillero
Falso,"INSOSTENIBLENo existen normas que coloquen a los actos de grupos armados en el mismo plano que los delitos del Estado. La CSJN ha establecido además, que sólo el actor estatal puede cometer crímenes de lesa humanidad."
Falso,Sabbatella: “El esquema tributario provincial es altamente regresivo”
Falso,"VERDADERO, PERO...El diputado nacional criticó el sistema tributario bonaerense y los datos lo respaldan. Sin embargo, el gobernador Scioli presentó un proyecto que aumenta la progresividad del régimen fiscal.ADEMÁS...>Coparticipación secundaria, con asimetrías"
Verdadero,"De Mendiguren: “Por cada punto que crece el producto industrial, sube tres puntos el nivel de importaciones”"
Verdadero,VERDADEROEl presidente de la UIA se refirió a la relación entre el ingreso de bienes al país y el crecimiento del sector industrial. Los datos muestran que la relación es correcta.
Verdadero,Jorge Lozano: la Argentina se ubica “en el segundo o en el tercer lugar entre los países de América Latina por sus prácticas corruptas”
Verdadero,"EXAGERADOEl país aparece en la posición número 13 por nivel de corrupción entre 23 naciones de la región, según un índice basado, por la índole del fenómeno, en una cuantificación de percepciones."
Falso,Estenssoro: casi el 90% de la energía viene de los hidrocarburos
Falso,"ENGAÑOSOEn su intervención en el Congreso, la senadora afirmó que la gran mayoría de la energía que se consume en la Argentina proviene de los combustibles fósiles. Esto es así, aunque también sucede en la mayor parte del mundo."
Falso,De Vido aseguró que la Argentina tiene “las terceras reservas del mundo de gas no convencional”
Falso,"VERDADEROAsí lo afirmó el ministro de Planificación en el debate sobre el proyecto de expropiación de YPF. Aunque confundió el término “reservas” con “recursos”, la afirmación coincide con los datos.ADEMÁS...>Definiciones y diferencias"
Verdadero,CFK: “Somos el único país de Latinoamérica que no maneja sus recursos naturales”
Verdadero,"VERDADERO, PERO…En la mayoría de los países de la región, el petróleo está en manos del Estado, aunque no es el caso de todos los recursos naturales."
Verdadero,Yauhar: se tiran un tercio de los alimentos que se producen en el mundo
Verdadero,VERDADEROEl ministro de Agricultura lo declaró al hablar de la necesidad de mejorar la distribución de la comida. Las estadísticas respaldan sus dichos.
Verdadero,Heller: “La Argentina se convirtió en un país triguero sobre la base del cierre a la importación de trigo”
Verdadero,"FALSOEl diputado defendió así las medidas de cierre de importaciones, pero el paralelo histórico no es exacto. La Argentina dejó de importar trigo gracias a que pudo suplir la demanda con su propia producción, sin cerrar la frontera."
Falso,La Nación: “Bajo impacto de la AUH en la escuela”
Falso,"FALSOEl diario publicó una nota basada en un relevamiento de percepción del Observatorio de la Educación Básica de la Argentina, pero padece de errores e inexactitudes en la presentación de la información."
Falso,El Estado “ha realizado inversiones de largo plazo para reactivar las fuentes alternativas”
Falso,"DISCUTIBLELo afirmó Horacio Verbitsky en su columna dominical sobre la posible intervención del Gobierno Nacional en YPF. Pero, ¿en qué situación se encuentran las industrias energéticas? Con aportes de: Lapeña, Bronstein, Malinow, Herrero, Rotaeche y Molina."
Falso,Héctor Timerman: “Hemos importado más que nunca”
Falso,"VERDADERO, PERO…Las declaraciones del canciller tuvieron lugar el martes en una conferencia de prensa. Los números le dan la razón, aunque una parte importante del aumento se debe a los combustibles."
Verdadero,Dindart: “Algunas se embarazan porque tienen un recurso económico como premio”
Verdadero,INSOSTENIBLEEl ministro de Salud de Corrientes lo afirmó en una entrevista. No existen datos que permitan asegurar un aumento en el embarazo adolescente a partir de la implementación de la Asignación Universal por Hijo.
Falso,Macri: “Dos de cada tres pesos de nuestro presupuesto se destinan a la inversión social”
Falso,"VERDADERO, PERO…En el presupuesto de 2012 efectivamente el rubro “servicios sociales” representa dos tercios del total. Pero presupuesto no es lo mismo que ejecución."
Verdadero,CFK: “La publicidad oficial es el 10% del total. Con lo cual su influencia es nula”
Verdadero,"ENGAÑOSOLa afirmación de la Presidenta coincide con los datos. El Estado Nacional, sin embargo, se ha vuelto un actor principal en el mercado publicitario."
Falso,Pergolini: “El paco está asesinando de a 200 o 300 chicos por mes”
Falso,"INSOSTENIBLELo declaró el conductor radial en una entrevista en el canal América, pero no existen estadísticas que lo sustenten."
Falso,Alak: “Nuestro país está a la vanguardia en la lucha contra este crimen aberrante [la trata]”
Falso,"FALSOEl ministro lo dijo al presentar estadísticas sobre la cantidad de víctimas rescatadas, pero aunque se mejoró en ciertos aspectos, los especialistas y los informes no muestran al país como un ejemplo."
Falso,Marcó del Pont: “Los bancos centrales se crearon para financiar al Estado”
Falso,"VERDADEROLa funcionaria explicó las modificaciones de la Carta Orgánica del Banco Central, y remarcó la causa original de la creación de la autoridad monetaria en el mundo."
Verdadero,Macri: “La Ciudad genera casi el 25% de los recursos coparticipables y se lleva poco más del 1% de la coparticipación”
Verdadero,"VERDADERO, PERO…Los números son exactos, pero la Ciudad es la jurisdicción que más recibe en subsidios por persona."
Verdadero,Scioli: un chequeo a sus anuncios y logros en su discurso
Verdadero,"El mandatario bonaerense detalló su gestión en la Legislatura provincial. DISCUTIBLE, VERDADERO y FALSO,    las calificaciones de esta nota."
Falso,“El viento de cola se ha terminado”
Falso,"INSOSTENIBLE Joaquín Morales Solá lo afirmó en su columna semanal. No existe evidencia, sin embargo, de que esto sea así."
Falso,CFK: “Hoy estamos cubriendo al 65% de la población argentina con la TV digital abierta”
Falso,"VERDADERO, PERO...A partir de la inauguración de dos antenas en Necochea, el gobierno anunció que el 65% de la población total argentina cuenta con la cobertura gratuita que ofrece la TV Digital Abierta (TDA). Con esto, es el país más avanzado de la región en la materia, pero no todos los que están cubiertos hoy acceden a la TDA."
Verdadero,"Boudou: Argentina de “prestador de servicios, pasó a ser productor de bienes”"
Verdadero,"FALSOSegún el vicepresidente la producción de bienes habría superado a la de servicios en su importancia en la economía. Los datos, sin embargo, desmienten la afirmación. Además existe un debate sobre la importancia de cada sector en el desarrollo."
Falso,CFK: “Somos el país que mayor cobertura tiene en materia previsional”
Falso,VERDADEROEn el discurso en que la Presidenta anunció el aumento de las jubilaciones dijo también que el país tenía la mejor cobertura y las mejores jubilaciones de la región. Un contraste con otros países le da la razón.
Verdadero,“Aumentaron un 100% sus dietas senadores y diputados”
Verdadero,VERDADEROEl diario calculó ese aumento luego de la difusión de cuatro resoluciones del Congreso. Los datos respaldan la afirmación. ¿Cuánto cobran los legisladores de otras provincias? ¿Y en otros países?
Verdadero,Hay menos mujeres en el mercado de trabajo por la Asignación Universal por Hijo
Verdadero,"FALSO Lo afirmó un estudio del Instituto de Estudios Laborales y Sociales según el cual las mujeres dejarían de trabajar por el beneficio. Los datos sin embargo, lo desmienten."
Falso,"CFK: “[Hubo] un crecimiento para el año 2011 de 9,2”"
Falso,"DISCUTIBLELa Presidenta lo aseguró en un discurso, pero existen dudas acerca de los índices de precios oficiales que hacen menos confiable la cifra de la expansión económica. ADEMAS...> Índice de Precios Implícitos"
Falso,"Capitanich: “Chaco ha obtenido el 9,7 de mortalidad infantil”"
Falso,APRESURADOEl gobernador del Chaco afirmó que se había alcanzado una baja histórica. Los primeros datos confirman sus dichos pero aún no están los resultados definitivos.
Falso,Entre 2003 y 2010 hubo una importante baja de la desigualdad
Falso,"VERDADEROLo afirmó la encargada de estudios laborales del Ministerio de Trabajo, Marta Novick. Efectivamente entre esos años se vio una importante caída en la desigualdad."
Verdadero,Alicia Kirchner: “El 68% de las [exportaciones] son industriales”
Verdadero,"ENGAÑOSOLa ministra de Desarrollo Social lo afirmó en una columna en Tiempo Argentino, pero ese porcentaje incluye exportaciones cuya calificación como industrial es dudosa."
Falso,"Desde 2003 se crearon 1,3 millones de empleos en la industria"
Falso,FALSOEn un comunicado publicado por el Ministerio de Industria se anuncia tal cifra. Fuentes oficiales e independientes indican que el aumento fue menos de la mitad.
Falso,“La pobreza es más alta que en cualquier momento de los ‘90”
Falso,FALSOEl diputado se mostró escéptico respecto a las mejoras en esta tasa. Pero los indicadores de pobreza fueron peores en la mayor parte de la década mencionada.
Falso,Hay 876 personas en situación de calle en Buenos Aires
Falso,INSOSTENIBLEEl resultado difundido por el Ministerio de Desarrollo Social proviene de un censo cuya metodología no se describe en detalle.
Falso,Francia cometió un genocidio en Argelia
Falso,"DISCUTIBLELa aprobación de una ley en el parlamento francés que determina que la masacre de armenios a manos del ejército turco entre 1915 y 1917 fue un genocidio, y condena su negación, generó una disputa entre ambos países."
Falso,Macri: “Hicimos una inversión récord en infraestructura escolar”
Falso,El jefe de Gobierno destacó el logro durante la asunción de su segundo mandato. Los datos no sostienen sus dichos.
Falso,De la Rúa: “En Europa han caído 10 ó 12 gobiernos”
Falso,"ENGAÑOSOEl ex presidente citó la crisis europea como un ejemplo de lo que sucede con el poder político en el caso de una crisis económica, comparándolo con su propio caso. Pero las situaciones no son similares."
Falso,Moyano: el impuesto a las ganancias es “el más injusto que tenemos”
Falso,"FALSOEl sindicalista criticó el tributo, pero es el que más ayuda a la repartición de la riqueza y es uno de los ingresos centrales en países más desarrollados."
Falso,"Clarín: “Con Cristina, se tocó el piso de leyes votadas por año desde 1983”"
Falso,"VERDADERO, PERO...El matutino afirmó que entre 2007 y 2011 “sólo” se sancionó un promedio de 92 leyes anuales, menos que durante otros períodos. Aunque el dato es exacto, la relevancia del indicador es cuestionada."
Verdadero,"Los problemas de Europa, ¿se deben al Estado de Bienestar?"
Verdadero,INSOSTENIBLEEl gasto público suele ser mencionado como una de las causas de la situación en el Viejo Continente. Los datos no respaldan tal afirmación.
Falso,Altamira: “Los subsidios son mucho más que todas las retenciones a las exportaciones agropecuarias”
Falso,VERDADEROEl ex candidato presidencial por el Frente de Izquierda lo afirmó en un debate televisivo sobre la política de quita de subsidios que el Estado plantea implementar. Los datos obtenidos avalan su afirmación.
Verdadero,"CFK: “La deuda pública en moneda extranjera se redujo al 27,5% del PBI”"
Verdadero,VERDADEROLa Presidenta se refirió a las mejoras en las condiciones de la deuda pública: los datos publicados le dan la razón.
Verdadero,Alak: “Argentina es el país que más armas destruyó en el mundo”
Verdadero,INSOSTENIBLEEl ministro de Justicia se refirió al tema luego de haber encabezado un procedimiento de destrucción de armas. Los datos obtenidos no permiten la comparación: están desactualizados y no discriminan entre armas bélicas y civiles.
Falso,Biotecnología: “La Argentina es uno de los países líderes del mundo”
Falso,"EXAGERADOLa Presidenta sobredimensionó el grado de avanzada del país en este sector, donde sólo se destaca en la producción de semillas transgénicas y medicamentos. En EE.UU. y la UE se encuentran las empresas líderes mundiales. Brasil tiene una posición destacada en la región."
Falso,¿Son las tarifas en Rosario hasta cinco veces mayores que en Buenos Aires?
Falso,"EXAGERADOEl senador socialista Rubén Giustiniani habló de la disminución de los subsidios a los servicios. La Ciudad de Buenos Aires es la gran beneficiada, aunque no en la proporción que manifiesta."
Falso,"Subtes en Buenos Aires: “La mayor inversión en la historia, en términos de metros construidos”"
Falso,"El jefe de Gabinete mencionó la inversión en red subterránea como un logro de gestión. La inversión actual es récord en el área, aunque en kilómetros licitados Macri se ubica tercero."
Falso,"“Hubo una reincorporación efectiva de 130.000, 140.000 chicos a la escuela”"
Falso,INSOSTENIBLELo declaró el ministro Sileoni en la presentación del informe cualitativo sobre el impacto de la Asignación Universal. Las cifras disponibles dan cuenta de inconsistencias.
Falso,Controles a la compra de dólares: ¿no sólo en la Argentina?
Falso,"DISCUTIBLEEl vicepresidente del Banco Central, Miguel Pesce, justificó las nuevas medidas de regulación de compra de divisas y aseguró que no es algo específico de la Argentina. Los casos de Brasil y Chile. "
Falso,CFK: “Hoy la Argentina tiene en el mundo el mejor grado de productividad por hectárea sembrada”
Falso,"VERDADEROLa Presidenta habló en el G-20 sobre la productividad argentina. Efectivamente, si se consideran los distintos factores, la Argentina es líder en la materia."
Verdadero,Télam: “El nivel de inversión es el más alto de las últimas décadas y supera al de los años ‘90”
Verdadero,VERDADEROLa agencia oficial se basó en un informe del BCRA. La afirmación se sustenta en los datos.
Verdadero,Carrió calificó al kirchnerismo como “régimen” político
Verdadero,"DISCUTIBLEFue luego de conocerse los resultados de la elección, en la que el oficialismo triunfó rotundamente. Pero, ¿qué es un régimen? ¿El kirchnerismo puede ser considerado como tal? Responden: Oszlak, De Riz, Barcesat y Böhmer."
Falso,Marcó del Pont: “La Argentina fue el país de América Latina que más depreció su moneda en los últimos años”
Falso,DISCUTIBLELa frase de la presidenta del Banco Central es cierta si se considera el tipo de cambio nominal. No así si se mira la devaluación “real” de la moneda.
Falso,"Tiempo Argentino: “De cada 10 heladeras que se venden, 8 se fabrican en el país (…) en el 2003 sólo 3 de cada 10 [lo eran]”"
Falso,"EXAGERADOEl diario informó el aumento en la producción nacional de heladeras, aunque exageró el crecimiento de la industria local."
Falso,Guadagni: “La universidad argentina no es más inclusiva que la chilena”
Falso,"DISCUTIBLEEn una columna titulada “¿Quién paga la universidad?”, aparecida en La Nación, compara ambos modelos y menciona que la Argentina presenta peores índices. ¿Es cierto? Responden: Ana María García de Fanelli, Ariel Gordon y Nancy Montes."
Falso,Scioli: “Creamos el mejor nivel de empleo de los últimos 25 años”
Falso,"VERDADERO, PERO...El gobernador reivindicó la evolución de ese indicador en su provincia. La tasa de este año no es la más alta, pero es cierto que durante su gobierno se alcanzó el mayor porcentaje de ocupación."
Verdadero,CFK: “Una Argentina que ha generado el crecimiento del producto bruto más importante de sus 200 años de historia”
Verdadero,"EXAGERADOLa Presidenta destacó el crecimiento de la economía. En los períodos de gobierno 2003-2011 se verificó uno de los mayores aumentos de PBI, pero no el más importante desde 1810. "
Falso,Bossio: hubo “un incremento en la matrícula secundaria del 20%”
Falso,FALSOEl titular de la Anses defendió el impacto de la Asignación Universal por Hijo en la educación. Las cifras no muestran una variación como la que cita.
Falso,"Del Sel: “Se triplicó, cuadriplicó (sic) la cantidad de embarazos de pibitas de 12, de 13, de 14 años [por la AUH]”"
Falso,INSOSTENIBLEEl ex candidato a gobernador afirmó que la Asignación Universal por Hijo aumentó los embarazos adolescentes. Varios lectores pidieron a Chequeado.com verificar sus dichos. No existen datos que respalden su declaración.
Falso,"Binner: “Hay luces amarillas encendidas, (…) [entre ellas] la hiperinflación””"
Falso,"INSOSTENIBLEEl candidato del Frente Amplio Progresista advirtió sobre los peligros de los aumentos de precios, pero no hay indicios que permitan predecir una espiral inflacionaria."
Falso,Recalde: “Tenemos cuatro millones de trabajadores en negro”
Falso,VERDADEROEl diputado se refirió al trabajo no registrado. Las estimaciones en base a datos oficiales le dan la razón.
Verdadero,"Alberto Rodríguez Saá: “En el gobierno de CFK, Kirchner y Duhalde aumentaron las villas miseria en un 55%”"
Verdadero,ENGAÑOSOEl candidato a presidente citó la cifra de un informe que se refiere al crecimiento en las villas. Pero éste no precisa cuál fue el aumento de la población en los barrios precarios.
Falso,"C. Fernández: “En 2003 la Argentina destinaba el 5% de su PBI a la deuda y sólo el 2% a la educación. Hoy destina el 2% del PBI a la deuda y 6,47% a la educación”"
Falso,EXAGERADO / VERDADEROEl spot de campaña de Cristina Fernández presenta datos sobre el uso del presupuesto. Sobredimensiona las diferencias aunque efectivamente hubo una reducción importante en la deuda.
Falso,De Narváez: “El presupuesto [actual] de salud es el más bajo de la historia”
Falso,"INSOSTENIBLE, PERO...Es difícil encontrar datos que permitan verificar los dichos del candidato a gobernador. Si se considera, empero, el gasto en salud, el actual es el más bajo registrado en la provincia desde 1991."
Falso,Amadeo: “En los últimos tres años hubo 15 muertes sociales”
Falso,VERDADERO    El candidato a gobernador por Frente Popular habló de la represión de protestas y número de víctimas fatales en los últimos años.
Verdadero,"Capitanich: “47,7 es el crecimiento de la economía [de Chaco] en 4 años, versus 50,8 en 57 años anteriores”"
Verdadero,"VERDADERO, PERO... La afirmación del gobernador se basa en las cifras del PBG per cápita. Pero la similitud entre las dos tasas de crecimiento económico se debe en parte a fuertes diferencias en el crecimiento demográfico en ambos períodos."
Verdadero,"CFK: “Después de China, [la Argentina] es el país que más ha hecho crecer su economía”"
Verdadero,"FALSOLa Presidenta se mostró orgullosa por el crecimiento de la economía argentina con respecto al mundo. Las cifras usualmente tomadas como base de comparación internacional, no son consistentes con esa afirmación."
Falso,Artemio López: “La pobreza retrocedió a los niveles de 1980″
Falso,"El sociólogo escribió una columna en la que destacó la baja de la pobreza, que habría alcanzado los niveles de 1980. Todas las fuentes alternativas consultadas muestran cifras distintas. Gracias a nuestro lector que nos sugirió el chequeo. "
Falso,Rodríguez Saá: “San Luis no tiene empleados públicos en exceso; hoy son 17 mil”
Falso,ENGAÑOSOLas cifras del Presupuesto provincial son consistentes con esa afirmación. No así los resultados de la Encuesta Permanente de Hogares. Otros indicadores muestran que la provincia tiene una alta tasa de empleo en negro y de planes sociales.
Falso,Sarkozy: “Grecia no es Argentina”
Falso,"VERDADEROExisten similitudes en los problemas que Grecia enfrenta hoy y los que la Argentina enfrentó en 2001. Las situaciones, sin embargo, no son equivalentes."
Verdadero,Insfrán: “Formosa es la provincia que más invierte por alumno en el país”
Verdadero,FALSOEl gobernador de Formosa  dijo que su provincia tenía las mayores tasas de inversión en educación. Los datos lo desmienten. Muchas gracias a nuestro lector que nos sugirió el chequeo.
Falso,Julián Domínguez: “El plan estratégico agroalimentario es un logro histórico”
Falso,"APRESURADOEl ministro destacó la importancia del plan, aunque aún no está listo y falta determinar, entre otras cosas, los instrumentos previstos para lograr las metas. ADEMÁS...>Cómo se definieron las metas para 2020"
Falso,De Narváez: “La provincia de Buenos Aires recibe menos plata [en coparticipación] que Córdoba y Santa Fe”
Falso,VERDADEROEl candidato de Udeso criticó al gobierno de Daniel Scioli y se basó en datos correctos sobre la distribución federal del FCB.
Verdadero,Domínguez: “Seguimos manteniendo el mismo stock ganadero”
Verdadero,"FALSOEl Ministro de Agricultura defendió así la gestión del actual gobierno frente a las críticas en la apertura de la exposición de la Sociedad Rural. Los datos muestran, sin embargo, que en los últimos años disminuyó el stock ganadero."
Falso,Binner: “Hoy hay más de tres millones de viviendas que necesita el país”
Falso,"EXAGERADOEl candidato presidencial se refirió a los temas pendientes en materia social. Si bien el dato sobre el déficit es correcto, no implica que haya que construir esa cantidad de viviendas."
Falso,Clarín: “El de las internas fue el proceso electoral más desarreglado en 28 años de democracia”
Falso,"INSOSTENIBLENo hay datos en qué basar la afirmación. Los especialistas reconocen errores, pero los adjudican a las particularidades de la elección."
Falso,Morales: “El drama de los niños desaparecidos se ha incrementado exponencialmente”
Falso,"DISCUTIBLEEl senador radical presentó junto a Ernesto Sanz un proyecto de alerta temprana para los casos de desapariciones de menores. La iniciativa está basada en datos concretos, aunque las fuentes difieren."
Falso,"Donda: “De cada 1000 causas que se abren [por drogas] sólo el 3% es por comercio, el resto es a consumidores”"
Falso,"EXAGERADOLa diputada criticó el sistema legal por considerarlo ineficiente en la lucha contra el narcotráfico, pero magnificó las estadísticas."
Falso,Alfonsín: llevar un contenedor desde el norte del país a Rosario cuesta lo mismo que enviarlo a Holanda
Falso,ENGAÑOSOLa afirmación del candidato a presidente es cierta cuando se analizan los costos vigentes para el transporte en camión y marítimo respectivamente. Pero la Argentina no es el caso excepcional que pretende dar a entender.
Falso,Tiempo Argentino: “Las tierras en manos extranjeras equivalen a la superficie de Italia”
Falso,"INSOSTENIBLEEl diario afirmó que el 20% de la tierra productiva está en manos de extranjeros, pero no hay relevamientos oficiales sobre el tema."
Falso,Rodríguez Saá: “Tenemos la menor presión tributaria de la Argentina”
Falso,DISCUTIBLEEl gobernador de San Luis y candidato a presidente mostró como uno de sus logros la baja presión fiscal en su provincia. La veracidad de la frase depende del indicador que se elija para evaluarlo.
Falso,"Alperovich: “[En Tucumán], prácticamente, no hay desnutrición”"
Falso,EXAGERADOLos datos de la provincia revelan una disminución en los casos de niños y desnutridos con respecto al 2003. Pero aún persiste una desnutrición estructural en la provincia.
Falso,Cristina Fernández: “Es la performance [de desempleo] más baja que hemos tenido en estos 8 años”
Falso,VERDADEROLa Presidenta subrayó los logros en materia de empleo en base a cifras de la Encuesta Permanente de Hogares.
Verdadero,En P12 se insinúa que la caída de reservas no es un problema del Gobierno sino de la geología
Verdadero,"DISCUTIBLEEn una columna titulada “Energía, primero La Patria”, publicada en el matutino, se argumenta que la Argentina ya alcanzó su pico de producción. ¿Es cierto? Aportes de: Cuervo, Lapeña, Herrero y Maltoni.ADEMÁS...>¿Se incentiva la exploración?"
Falso,Cristina Fernández entregó la netbook número “un millón”
Falso,VERDADEROLa Presidenta estuvo en Tecnópolis y remarcó un hecho que las cifras respaldan.
Verdadero,C. Fernández: “La AUH es el plan más importante de destinar parte del PBI a los sectores más vulnerables de la sociedad”
Verdadero,"DISCUTIBLELa Presidenta remarcó la importancia que da al plan social en relación al PBI, pero no todos los estudios concuerdan."
Falso,Redrado: “La tasa de desempleo de los jóvenes se ha mantenido estable durante los últimos años”
Falso,"FALSOEl economista se refirió a los problemas de empleo juvenil, los datos en los que se basó son incorrectos."
Falso,Tiempo Argentino: “La AUH permitió sacar de la pobreza a dos millones de personas”
Falso,"APRESURADOEn una nota, el diario afirmó que el beneficio social habría reducido la pobreza. Pero existen pocos datos sobre el impacto real."
Falso,Cristina Fernández: en esta elección “batimos el récord de concurrencia electoral”
Falso,EXAGERADOLa Presidenta destacó la participación de los votantes en las urnas. Pero comparó el porcentaje del domingo sólo con las elecciones parlamentarias de 2009.
Falso,Giorgi: “Argentina es el único país de Latinoamérica que no primariza sus exportaciones”
Falso," VERDADERO, PERO…Las exportaciones primarias pesan menos sobre el total de las exportaciones, según la ministra de Industria, a diferencia del resto de la región. Los datos la avalan, aunque con algunos matices."
Verdadero,Alberto Rodríguez Saá: “Hemos construido viviendas por 90 pesos”
Verdadero,VERDADEROEl candidato remarcó la política habitacional de su gobierno. Se trata de un plan que permite acceder a la vivienda a través de cuotas mensuales.
Verdadero,Argumedo: “3 de cada 4 jóvenes está desocupado o en negro”
Verdadero,"ENGAÑOSOLa candidata a presidenta por el bloque Proyecto Sur, Alcira Argumedo, destaca la difícil situación laboral de los jóvenes en Argentina, en sus spots radiales. Pero los datos que presenta no son exactos."
Falso,Caparrós: “La situación social económica no es muy distinta de lo que era en el año 1995 o el año 1997”
Falso,"DISCUTIBLEEl escritor y periodista cuestionó que se califique como exitosa a la actual gestión, y la comparó con la década del 90. Un análisis de las variables que presentó."
Falso,La Nación: “El Gobierno respaldará al juez”
Falso,INSOSTENIBLEEl diario publicó una noticia basada en fuentes no atribuidas e hizo insinuaciones sin sustento sobre el caso de Eugenio Zaffaroni.
Falso,Juez: “Córdoba se convirtió en la segunda provincia de cocina de droga y en los últimos años ha crecido el narcotráfico”
Falso,"INSOSTENIBLEEl candidato a gobernador se basó en un estudio de la Sedronar que no es posible extrapolar a todo el país. Además, no hay estadísticas que den cuenta de un incremento del narcotráfico en la provincia."
Falso,"De la Sota: “En 1999, la deuda que recibí equivalía a tres presupuestos. Cuando me fui, equivalía a 11 meses”"
Falso,FALSOEl candidato a gobernador destacó que durante sus dos mandatos el pasivo provincial disminuyó. Los datos oficiales lo desmienten.
Falso,C. Fernández: “Santa Fe ha crecido por debajo de la media nacional”
Falso,"VERDADERO, PERO…La Presidenta comparó el crecimiento nacional con el provincial. Los datos confirman sus dichos."
Verdadero,Sabbatella: “La provincia de Buenos Aires tiene una inversión en educación por habitante que está entre las ocho más bajas del país”
Verdadero,ENGAÑOSOEl candidato a gobernador cuestionó la política educativa de Scioli. Los datos son ciertos pero no se tiene en cuenta que la provincia es la más pobre del país en términos de recursos fiscales por habitante.
Falso,"C. Fernández: “Nunca tuvimos una economía con el grado de participación a nivel internacional, como el que hoy tiene Argentina”"
Falso,"FALSOLa Presidenta se felicitó por haber logrado el mayor nivel de participación en el comercio internacional, pero los datos históricos la contradicen."
Falso,Alak: C. Fernández “es la mandataria que más jueces designó desde la restauración de la democracia”
Falso,"INSOSTENIBLEEl Ministro de Justicia se refirió al tema luego del envío de pliegos de candidatos para la ratificación del Senado, pero no se encontraron datos que permitan la comparación."
Falso,Macri: “Las únicas viviendas que construyó la Nación en la Ciudad fueron 800 que se están terminando”
Falso,"FALSOEl jefe de Gobierno criticó así la política habitacional del Gobierno nacional, pero la cantidad de viviendas terminadas por el Estado Nacional en coparticipación con la Ciudad es mayor a ese número."
Falso,Cristina Fernández: “La reducción de las salideras bancarias está en el orden del 80%”
Falso,"VERDADERO, PERO...La Presidenta remarcó la baja del delito, basada en un estudio que sólo considera los datos de un mes."
Verdadero,Duhalde: “Sólo la dictadura usó el canal del Estado para hacer publicidad oficial”
Verdadero,"FALSOEl candidato criticó que el Gobierno utilizara a la televisora como un órgano de difusión. Si bien lo presentó como una característica de esta gestión y de la dictadura, la estrecha relación entre el canal y el poder político es una constante histórica."
Falso,Binner: “Un millón de jóvenes no estudia ni trabaja”
Falso,VERDADEROEl candidato socialista se refirió a la juventud al hablar de su programa de desarrollo y citó cifras de quienes estarían excluidos del sistema educativo y laboral.
Verdadero,Marcó del Pont: “Lo que más ha crecido en volumen físico han sido las exportaciones industriales”
Verdadero,"VERDADERO, PERO...La presidenta del Banco Central afirmó que las exportaciones industriales fueron las que más crecieron, pero la clasificación de exportaciones que desde 1973 utiliza la Argentina genera dudas.ADEMÁS...>“Lo que ha traccionado (sic) el crecimiento es la industria”"
Verdadero,"Alak: Argentina no fue incluida en la lista de los países con “deficiencias”, sino en la de los cooperantes"
Verdadero,"ENGAÑOSOEl organismo incluyó al país en un listado de naciones que se encuentran en ambas situaciones, con respecto a las recomendaciones sobre lavado de activos y financiamiento del terrorismo."
Falso,Página 12: “Mejora la distribución del ingreso otro escalón”
Falso,"El diario puso en su tapa una nota sobre la mejora en la desigualdad, pero los datos que presenta no justifican el optimismo de la portada."
Falso,Alfonsín: “Somos el sexto país de América latina en inversión cuando antes disputábamos el primer lugar”
Falso,"VERDADERO, PERO...El candidato presidencial mencionó la evolución de la inversión extranjera en el país como un defecto de las políticas del Gobierno nacional. No está claro que se trate de un indicador pertinente para ponderar la salud económica del país."
Verdadero,Cabandié: “El país construyó en los últimos ocho años 1150 escuelas”
Verdadero,"VERDADERO, PERO...El candidato a legislador porteño defendió la política de infraestructura escolar del Gobierno nacional. Su frase es cierta si se consideran los establecimientos creados, pero no los edificios."
Verdadero,Binner: “El 80% de los trabajadores no está sindicalizado”
Verdadero,"EXAGERADOEl candidato socialista habló del sistema gremial argentino, pero se basó en datos que disminuyen su verdadera representatividad. "
Falso,La Nación: “La Argentina bajó el índice de calidad de sus instituciones”
Falso,"INSOSTENIBLEEl titular del diario se refiere a una medición realizada por la Fundación Libertad y Progreso, con resultados cuestionables.ADEMÁS...> El valor de los índices "
Falso,El Cronista: “El 40% de los trabajadores que entran al estado están precarizados”
Falso,DISCUTIBLEEl diario considera así a todos los empleados contratados temporalmente. Pero la diversidad de contratos estatales son variados y no todos implican precariedad.
Falso,Cristina Fernández: “Somos el Gobierno que más viviendas construyó en la historia de la Argentina”
Falso,"FALSOLa Presidenta destacó los logros en materia de vivienda social desde 2003, pero lo hizo con datos falsos.ADEMÁS...>Perón y las viviendas"
Falso,Iglesias: el Gobierno “le empató a Menem” en la reducción de la pobreza
Falso,"INSOSTENIBLEEl Diputado desestimó la reducción de la pobreza en el Gran Buenos Aires, comparándola con la salida de la crisis anterior, que habría sido más rápida. "
Falso,"Alfonsín: “En la década del ’80 circulaban doce trenes por día entre Buenos Aires y Mar del Plata, hoy sólo dos”"
Falso,"VERDADERO, PERO...El candidato radical se refirió así a la declinación del sistema interurbano de pasajeros, una tendencia que promete cambiar en caso de ser elegido. Puso como ejemplo una frecuencia diaria que se alcanzó en verano."
Verdadero,Obama: la economía global “se ha estabilizado y se está recuperando”
Verdadero,"APRESURADODurante un discurso en el Reino Unido, el presidente de los Estados Unidos se mostró optimista sobre la recuperación mundial. Los informes económicos, sin embargo, no lo respaldan."
Falso,La Nación: “La Argentina es el país más proteccionista del mundo”
Falso,"ENGAÑOSOEl diario publica una estadística según la cual el país sería el que más trabas a las importaciones pone, pero no está claro que sea así."
Falso,Filmus: cuando Kirchner asumió “parecía difícil que se iba a terminar con el 25% de desocupación”
Falso,FALSOEl candidato a jefe de Gobierno por el FPV remarcó la baja del desempleo como un logro de la gestión del ex presidente. Los números de la EPH reflejan una tasa menor que la mencionada como base.ADEMÁS...>Los cambios en la EPH
Falso,A. López: “El impacto de la Asignación Universal fue realmente muy importante”
Falso,"DISCUTIBLEEl sociólogo alabó los resultados de la Asignación Universal por Hijo, pero los estudios no son unánimes en cuanto a su impacto."
Falso,"Solanas: Macri sólo ejecutó “el 22% del presupuesto para viviendas, el 16% de hospitales y el 60% de educación”"
Falso,EXAGERADOEl candidato a jefe de Gobierno criticó la gestión actual y denunció la subutilización de los recursos para las áreas sociales.
Falso,Sileoni: “Los docentes de Santa Cruz perciben el salario más alto del sector en la Argentina”
Falso,"VERDADEROLos datos oficiales confirman la afirmación del ministro. La coparticipación federal y el costo de vida, dos variables para tener en cuenta en el ranking de los salarios."
Verdadero,Boudou: “Buenos Aires es la ciudad más desigual del país”
Verdadero,"FALSOEl ministro de Economía y precandidato a jefe de Gobierno utilizó ese término para hacer su evaluación sobre la Ciudad. Sin embargo, los índices referidos al tema dicen lo contrario."
Falso,Belocopitt: “La medicina prepaga es un seguro”
Falso,"DISCUTIBLEEl titular de Swiss Medical cuestionó así la ley que regula a las prepagas, diferenciándolas de otros seguros. Pero la salud no es un bien asegurable como otros."
Falso,Cristina Fernández: “La Argentina tiene el mejor salario mínimo vital y móvil de toda la región”
Falso,"VERDADERO, PERO…La Presidenta se felicitó por la participación de los trabajadores en la economía y resaltó el nivel del salario mínimo. Existen, sin embargo, otros factores relevantes para medir el bienestar de los asalariados."
Verdadero,"Según Guadagni, la matrícula primaria de escuelas públicas se redujo entre 2002 y 2009"
Verdadero,"VERDADERO, PERO...El columnista ejemplificó así la caída de la calidad educativa en las escuelas públicas, basándose en datos oficiales. Sin embargo, las últimas cifras no miden el efecto de la Asignación Universal por Hijo."
Verdadero,Clarín: “Aumentó el robo de ruedas por trabas a las importaciones”
Verdadero,INSOSTENIBLEEl diario se basa en fuentes anónimas para afirmar que las licencias aplicadas por el Ministerio de Industria influyen en el robo de autopartes.
Falso,Tiempo Argentino: “En el área metropolitana el 62% de los colectivos ya puede cobrar con SUBE”
Falso,ENGAÑOSOEl diario presentó con dudosos cálculos los avances en la implementación de la tarjeta electrónica. Un chequeo sugerido por Juan Pablo Varsky.
Falso,Cristina Fernández: Paraguay era “el primer país industrial de la región”
Falso,"DISCUTIBLESi bien el país era considerado uno de los estados más prósperos y fuertes de Latinoamérica antes de la guerra, los especialistas destacan que la actividad primaria era su verdadero motor."
Falso,Clarín: “El 40% de los argentinos gana menos de $800”
Falso,ENGAÑOSOEl diario confunde dos conceptos y hace parecer el ingreso medio en el país menor al que es realmente.
Falso,Cristina Fernández: “Somos el país con mayor desarrollo en empresas de biotecnología en toda América latina”
Falso,DISCUTIBLELa Presidenta se refirió así al sector empresarial ligado a la agrobiotecnología. Los especialistas debaten si Brasil desplazó o no a la Argentina en el primer lugar.
Falso,Tullio: “Este sistema [de voto electrónico] garantiza la transparencia y la imposibilidad de alterar el resultado”
Falso,"ENGAÑOSO El director electoral nacional declaró así su confianza en el voto computarizado de la provincia, pero el sistema no es la clave de la transparencia."
Falso,Sarkozy: “Para reducir los gases de efecto invernadero no hay 150 soluciones; está la nuclear”
Falso,"DISCUTIBLEEl presidente francés defendió la energía atómica después del desastre en Japón. La presentó como la única salida a los combustibles fósiles, aunque no hay consenso sobre el tema."
Falso,Gabriela Cerrutti: la Policía Metropolitana se creó “específicamente” para custodiar
Falso,"EXAGERADOLa legisladora de Nuevo Encuentro defendió así la decisión de la ministra Garré. Aquella no fue la única razón que originó la creación de la policía local. Pero no estaba lejos de ser una función pensada para una primera etapa, que no se cumplió."
Falso,Cristina Fernández: tenemos la brecha de desigualdad más pequeña desde 1974
Falso,"EXAGERADOLa Presidenta confía en haber reducido los niveles de desigualdad, sin embargo los datos no corroboran sus dichos. "
Falso,Alfonsín: “Hoy tenemos la misma cantidad de obreros industriales que en los ‘90”
Falso,"VERDADERO, PERO…A pedido de un lector, Chequeado.com verificó los dichos del precandidato presidencial acerca de la industrialización de la Argentina. Según los datos, está en lo cierto, aunque con ciertas observaciones."
Verdadero,La Nación: “Los hospitales públicos gastan un 10% de su presupuesto en los inmigrantes”
Verdadero,"INSOSTENIBLEEl diario afirma que el dato surge de ""diferentes informes"" que no cita ni menciona. Para los especialistas, no existen estudios que permitan chequear ese dato.ADEMÁS...>Igualdad y obligación de atenderlos"
Falso,Perfil: “Los proyectos que pidió Cristina al Congreso están frenados por los K”
Falso,"INSOSTENIBLEEl diario pretende destacar la supuesta contradicción entre los legisladores y el Ejecutivo. Pero ni el estado parlamentario de las iniciativas ni el contenido de la nota sostienen el titular. Para esta nota, Chequeado.com trabajó con la ONG Directorio Legislativo."
Falso,Alak: “La usurpación es un delito que corresponde a la Ciudad”
Falso,"DISCUTIBLEEl Gobierno nacional y el municipal se acusan mutuamente por la ocupación de predios y ninguno se hace cargo. La ley no ayuda, al no asignar responsables."
Falso,Macri: “Argentina es el país que menos aumentó sus exportaciones”
Falso,"VERDADEROEl jefe de Gobierno porteño criticó al Ejecutivo nacional y le reprochó que mientras otros países sudamericanos aprovechan la buena situación internacional, la Argentina se está quedando atrás. "
Verdadero,Perfil: en la Argentina se pagan más impuestos que en Suiza
Verdadero,"VERDADEROUn columnista de ese diario comparó a la Argentina con Suiza por su nivel de impuestos. Aunque los datos son válidos, la comparación es poco relevante."
Verdadero,"Para CFK, los precios internacionales son responsables de un 40% de la inflación"
Verdadero,"INSOSTENIBLELa Presidenta se refirió a la suba de precios al consumidor en el anuncio del Plan Estratégico Industrial, pero este aumento sólo sería cierto si las cifras del INDEC lo fueran."
Falso,"Grondona: aún existen dictadores como Correa, Morales, Ortega y Chávez"
Falso,FALSOEl columnista comparó a cuatro gobiernos democráticos de Ámerica Latina con los regímenes dictatoriales del mundo árabe.
Falso,"Según Bielsa, la administración Binner no logró “ningún impacto contra la pobreza”"
Falso,"DISCUTIBLELas últimas cifras del Instituto Provincial de Estadísticas abren un debate sobre la frase del precandidato, ya que la evolución de la pobreza y la indigencia fue diferente en los principales aglomerados de Santa Fe."
Falso,"Rodríguez Saá: “En San Luis, hemos logrado el pleno empleo”"
Falso,"VERDADEROEl gobernador provincial destacó el bajo nivel de desempleo que registra su gestión, un dato cierto. Sin embargo, contestando sobre otro tema (ver 1º recuadro) hizo una comparación falsa.ADEMÁS...>Los Rodríguez Saá y la perennidad en el poder>¿Qué es el ""pleno empleo""?"
Verdadero,Duhalde: “No hay ningún control con la gente que viene a nuestro país”
Verdadero,"INSOSTENIBLEEl ex presidente explicó así la presencia de narcotraficantes, ya que, según él, podrían pasar sin problemas. Aunque los controles fronterizos son similares a los de otros países."
Falso,Nilda Garré: “Hay una disminución de las tasas de criminalidad que teníamos”
Falso,"INSOSTENIBLELa ministra de Seguridad hizo un balance del despliegue de los 6000 gendarmes en la provincia de Buenos Aires. No existen, sin embargo, datos que avalen sus dichos."
Falso,Página 12 acusa a Duhalde por el accidente ferroviario en San Miguel
Falso,"ENGAÑOSOEl diario publica una nota en la que traza todas las relaciones del ex presidente dentro de la compañía de trenes, pero omite mencionar la responsabilidad de la Comisión Nacional de Regulación del Transporte."
Falso,"Para Clarín, el escrache es una “modalidad fascista”"
Falso,DISCUTIBLEEl diario desvirtúa el significado del término al presumir que dicho método fue utilizado por el movimiento que encabezó Mussolini entre 1922 y 1943.
Falso,Tomada: “Argentina tiene el nivel de trabajo registrado más alto de la historia”
Falso,"FALSOEl ministro de Trabajo se jactó de que durante esta gestión el trabajo en negro habría descendido a niveles récord, pero la historia lo desmiente. "
Falso,"Según Página 12, la UATRE es la principal responsable de la situación laboral en el campo"
Falso,"EngañosoEl diario culpa al titular del sindicato, Gerónimo Venegas, por las condiciones de irregularidad en el sector, pero olvida la responsabilidad que le cabe al Estado nacional.Además...>¿Quién es el responsable de las condiciones de empleo?"
Falso,Clarín: “Las principales importaciones fueron de combustibles”
Falso,FALSOEl matutino publicó un editorial en el que denuncia un aumento explosivo de importaciones. Pero las consideraciones que hace son falsas.
Falso,Felipe Solá: “En octubre de 2004 se produjo el último secuestro extorsivo en la provincia”
Falso,"FALSOEl ex gobernador defendió su gestión de seguridad provincial con un dato falso, aunque las estadísticas de delito mejoraron durante su mandato.Además...>“Fuimos bajando los niveles de inseguridad entre 2004 y 2007”"
Falso,"Para Boudou, no hay inflación sino “una gran dispersión de precios”"
Falso,FALSOEl titular del Palacio de Hacienda evitó mencionar el término. Pero su calificación se contrapone con los datos del INDEC y la definición de textos básicos de economía.
Falso,Timerman: Obama no viene porque la Argentina no quiere comprarle armas a EE.UU.
Falso,"INSOSTENIBLESegún el canciller, el viaje de Obama a Brasil y Chile está motivado por la venta de armas, pero no presenta ninguna prueba."
Falso,Cobos: “Usaría las reservas para hacer viviendas”
Falso,"ENGAÑOSOEl vicepresidente de la Nación prometió usar las reservas del Banco Central para construir viviendas, pero no aclaró como pagaría entonces la deuda externa."
Falso,Macri: en el mundo globalizado no se grava la renta financiera
Falso,"FalsoEl candidato del PRO justificó así su promesa de que no cobrará impuestos a las ganancias originadas a partir de bonos, intereses y acciones si llega a ser presidente. Pero su afirmación es errónea."
Falso,Débora Giorgi: “Las exportaciones industriales superan a las agropecuarias”
Falso,"EngañosoUna nota a partir de una observación del periodista Marcelo Zlotogwiazda: la ministra de Industria anunció que ingresa al país más dinero por la venta al exterior de manufacturas, que por productos del campo. Pero algunos datos pueden resultar confusos."
Falso,“Pino” Solanas: “[Argentina] es el único país de los grandes exportadores agroganaderos donde el Estado no interviene”
Falso,"DiscutibleEl diputado nacional por Proyecto Sur, criticó la falta de intervención del Estado en la actividad agrícola, obviando, por ejemplo, las acciones directas del Gobierno sobre la exportación. Además, citó ejemplos internacionales de manera incompleta"
Falso,Mariano Rajoy: “Sólo a Argentina se están marchando cada mes 1200 jóvenes a trabajar”
Falso,"FalsoEl líder de la oposición española intentó graficar la magnitud de la crisis económica de su país, pero con datos erróneos."
Falso,“La falta de billetes es el corralito de Cristina”
Falso,FalsoFrancisco de Narváez y Margarita Stolbizer compararon la actual escasez de efectivo con una de las consecuencias de la peor crisis financiera de la historia del país. Pero los dos episodios responden a coyunturas completamente distintas.
Falso,“La Argentina es el mejor país de Latinoamérica para vivir”
Falso,"InsostenibleNo es inusual que los diarios generen grandes titulares basados en estudios de dudosa o nula rigurosidad. El siguiente, es un buen ejemplo."
Falso,"Aníbal Fernández: “Desde el 2003, hemos creado 9 universidades”"
Falso,"VERDADERO, PEROEl jefe de Gabinete destacó la construcción de nuevas instituciones como uno de los logros más importantes de la política educativa. Pero quedan importantes deudas en cuanto a calidad educativa y planificación territorial."
Verdadero,"Clarín: “El Gobierno recorta el gasto en cloacas, escuelas y vivienda”"
Verdadero,"INSOSTENIBLEEl diario analiza un informe aún no publicado sobre gasto en infraestructura social, aunque omite datos y aclaraciones necesarias, lo que compromete la rigurosidad del artículo."
Falso,"“2010, un año marcado por las catástrofes”"
Falso,"ExageradoClarín y La Nación dedican espacio en sus portadas a las calamidades de la naturaleza que, dicen, este año han marcado un record. Pero los datos son confusos e inexactos."
Falso,Cristina Fernández: “Hemos aumentado la productividad un 5% anual”
Falso,"Verdadero, pero…La Presidenta destacó el incremento de esa variable clave para el crecimiento económico. Pero eso, en buena parte, se debe a procesos habituales relacionados con la salida de una crisis económica profunda, como la de 2001."
Verdadero,Clarín: “El aguinaldo se usará para pagar deudas y vacaciones”
Verdadero,"INSOSTENIBLEEl diario presenta una encuesta que sólo recoge la opinión de usuarios de un sitio de empleos, con serios problemas metodológicos, como si fuera representativa de la opinión pública en general."
Falso,Aníbal Fernández: “La Policía Federal no actúa en problemas sociales con armas de fuego desde julio de 2004”
Falso,"DiscutibleSegún lo que pudo comprobar Chequeado.com, la orden formal se dictó recién en 2006, aunque es cierto que existió una decisión previa de Néstor Kirchner en ese sentido e iniciativas similares desde 2002."
Falso,Duhalde: “Durante mi gobierno no hubo ni siquiera un herido por fuerzas nacionales”
Falso,"FALSOEl ex senador y ex presidente entre 2002 y 2003 se defendió de las acusaciones del Gobierno, de haber “apadrinado” los grupos violentos que provocaron los graves incidentes del Parque Indoamericano."
Falso,La Nación: la violencia que sufrió la prensa en Villa Soldati es “inédita”
Falso,"FALSOEl diario afirma que “por primera vez” los trabajadores de prensa son víctimas de agresiones físicas, ya sea de miembros de organizaciones sociales y sindicatos, como de las fuerzas policiales. Casos registrados en los últimos años muestran lo contrario."
Falso,Domínguez: “Este año vamos a tener una cosecha récord”
Falso,"VERDADERO, PERO…El titular de Agricultura anunció que por primera vez en la historia, el país superará las 100 millones de toneladas de granos. Sin embargo, se trata de proyecciones que no pueden medir con exactitud la influencia del clima."
Verdadero,"Filmus: “El Instituto de Vivienda porteño sólo ejecutó el 18,6% de su presupuesto anual”"
Verdadero,"VERDADEROLos dichos del senador oficialista fueron cotejados con un informe realizado en base a datos del organismo encargado de la política habitacional de la Ciudad, que los confirman."
Verdadero,"Macri: “Todos los días llegan entre 100 y 200 inmigrantes a la ciudad, que no sabemos quiénes son”"
Verdadero,"FALSOEl jefe de Gobierno porteño centró el conflicto de Villa Soldati en el problema de la inmigración, pero se equivocó con las cifras."
Falso,Página 12 y Tiempo Argentino: fuerte reducción de la pobreza en el país
Falso,"EngañosoLos dos diarios basaron sus afirmaciones en las cifras difundidas por el último informe de la Cepal. Sin embargo, omitieron informar que dicho informe se realizó con cifras del INDEC, actualmente cuestionadas."
Falso,"Cristina Fernández: la excesiva rentabilidad, producto de la concentración, puede provocar inflación"
Falso,"InsostenibleLa Presidenta acusó en parte a los ""sectores de concentración económica"" por la inflación. Sin embargo, sus afirmaciones carecen de sustento."
Falso,¿Es efectiva la castración química para evitar delitos sexuales?
Falso,"El tema se vuelve recurrente cada vez que se produce algún caso de resonancia. Sin embargo, no existen estudios serios que avalen el éxito del procedimiento."
Falso,Tiempo Argentino: “Cómo operan Clarín y Techint cuando nadie los ve”
Falso,"InsostenibleMás allá del título impactante, el artículo que abrió la portada de la edición del domingo no explica ni ofrece pruebas de lo denunciado."
Falso,¿La inseguridad se relaciona con que hay pocos presos?
Falso,"InsostenibleEn una nota publicada en La Nación, el economista Orlando Ferreres echa mano a las estadísticas para demostrar que la población carcelaria del país es baja. Pero las conclusiones son insostenibles."
Falso,Clarín: “Hay que trabajar medio año para el Estado”
Falso,"FALSOPese al impactante título, la idea no se sostiene ya que el análisis del diario adolece de errores metodológicos y basa la afirmación en un concepto técnico que tiene otro significado.Además...>Alta evasión>¿Es demasiado alta la presión fiscal en la Argentina?"
Falso,Vilma Ibarra: “Este fue uno de los peores años parlamentarios”
Falso,"DiscutibleSi bien es cierto que la productividad del Parlamento fue baja en término de número de leyes sancionadas, nada dice sobre la importancia de algunas normas."
Falso,Clarín fuerza datos para desmentir a Boudou
Falso,INSOSTENIBLEEl matutino promete en su título un análisis del impacto de la inflación en ricos y pobres que no se sustenta en el artículo.
Falso,Un chequeo dudoso de La Nación a Cristina Kirchner
Falso,"EngañosoUn columnista acusó a la Presidenta por haber omitido intencionalmente antecedentes históricos sobre el Presupuesto. Pero, para eso, forzó sus declaraciones."
Falso,Campanella: “El 50% de los chicos no termina la escuela”
Falso,"VERDADEROAl presentar un ciclo televisivo sobre educación, el cineasta advirtió que el abandono escolar es una de las deudas pendientes del sistema."
Verdadero,Agustín Rossi: “En ningún país del mundo un gobierno se rige con un presupuesto opositor”
Verdadero,"ENGAÑOSOEl oficialismo acusa a la oposición de querer imponer un nuevo presupuesto, por presentar modificaciones al proyecto del Ejecutivo."
Falso,"“Desde que Néstor y Cristina llegaron al gobierno, nunca más se remató una sola hectárea de tierra en la Argentina”"
Falso,"FALSOEl dirigente rural cordobés, Ider Peretti, dijo la frase ante la Presidenta, durante el velatorio de Néstor Kirchner. La situación de los productores mejoró, pero sí hubo remates."
Falso,"Yasky: la prórroga del mandato, “es un trámite administrativo”"
Falso,"FALSOTras elecciones polémicas, el Ministerio de Trabajo decidió extender el mandato del hasta hace dos meses secretario general de la central obrera, cercano al gobierno. El candidato opositor denuncia una “intervención”.Además...>Tiempo Argentino y una crítica... criticable"
Falso,"El FMI cambió mucho, poquito, nada…"
Falso,"discutibleEl organismo internacional de crédito se está animando a realizar algunos cambios, tanto en su estructura como en sus políticas. Para el gobierno argentino, sigue siendo el mismo de siempre."
Falso,Pinedo: Argentina sufre “una fuerte caída de la calidad educativa”
Falso,DISCUTIBLEEstudios internacionales le dan la razón al legislador del PRO; los especialistas desconfían de las investigaciones.Además...>No tan lejos de la meta
Falso,Kunkel: durante el paro del campo “hubo varias víctimas fatales”
Falso,"FalsoEn el período de conflicto, que estalló en 2008, se registró la muerte de un paciente cuya ambulancia fue demorada en un piquete. Sin embargo, no existe registros de otros casos."
Falso,"Los juicios de los jubilados, trabados por toneladas de expedientes"
Falso,VERDADEROLa Corte Suprema dice que ponen en riesgo la estabilidad del edificio en donde se concentran los juzgados.
Verdadero,Tiempo Argentino: “8 de cada 10 empleos son registrados”
Verdadero,"ENGAÑOsoEl diario manipula una frase del ministro de Trabajo, Carlos Tomada, para hacer que diga lo que no dijo."
Falso,"Clarín: “Los que tienen un peso de más, lo gastan”"
Falso,"INSOSTENIBLEEl diario denuncia que al no haber incentivos para el ahorro, en un contexto inflacionario, la gente se vuelca por el consumo. Pero, luego, el propio informe que cita lo desmiente."
Falso,Cavallo: “Estamos con una moneda más sobrevaluada que en la época del uno a uno”
Falso,"FALSOAún utilizando los índices de precios de las consultoras privadas, el valor real del peso, comparado con una canasta representativa de monedas, sigue estando por debajo del vigente en la convertibilidad. Además...>Cómo se calcula el TCRM"
Falso,¿El crecimiento del PBI es la prueba definitiva de la buena marcha de la economía?
Falso,"ENGAÑOSOTiempo Argentino celebra que el país crece a tasas muy altas. Pero, ¿eso lo dice todo acerca de una economía?"
Falso,Boudou se jacta de tener una moneda “aislada” del mundo
Falso,"EngañosoEl ministro de Economía quiso mostrar la fortaleza financiera de la Argentina, a la que la “guerra de las monedas” no afectaría. Pero el peso es más dependiente de esa guerra de lo que el ministro admite.Además...>¿Qué es la ""guerra de las monedas""?"
Falso,"Clarín: Argentina, a la cola de un índice de democracia"
Falso,"EngañosoEl diario manipula los datos de un estudio en el que el país, en realidad, ocupa una posición intermedia."
Falso,Tiempo Argentino: “El 70% de la población apoya la participación en ganancias”
Falso,FalsoEl diario manipula un estudio de Ibarómetro para inflar el respaldo al proyecto del diputado Héctor Recalde.
Falso,Filmus denuncia que el salario de los docentes porteños queda rezagado
Falso,"VerdaderoSegún el senador del oficialismo, cayó del puesto 6º al 16º desde que asumió el PRO en la Ciudad."
Verdadero,"Según Majul, en la era Kirchner la pobreza subió"
Verdadero,"FalsoDice el columnista que “la cantidad de pobres pasó de 12 a 14 millones desde que Néstor Kirchner asumió la presidencia"". Pero no existen datos que avalen su punto de vista."
Falso,Piumato: “El acto de River convocará a más gente que las internas de la CTA”
Falso,FalsoEl secretario de Derechos Humanos de la CGT desafió a la central obrera disidente con la intención de minimizar su importancia: las cuentas no le dieron.
Falso,"Para Michetti, Cristina Fernández no es “femenina”"
Falso,INSOSTENIBLELa diputada del PRO por la Ciudad de Buenos Aires opinó que la jefa de Estado “hace el juego de los hombres” como gobernante.
Falso,"Argentina, el país más “pirata”"
Falso,ExageradoUna nota publicada en La Nación dice que lidera el ranking de software ilegal en la región. Pero en realidad ocupa el 10° lugar y viene mejorando.Además...>Un aporte de La Nación
Falso,Pasión por Goebbels
Falso,"InsostenibleMedios y políticos despuntan el deporte de considerar nazis a los oponentes, sin medir el calibre de la acusación.Además...>La trivialización del nazismo: en EE.UU. también se consigue>Boudou, fuera de lugar"
Falso,"Para La Nación la clase media sube…, pero baja"
Falso,"EngañosoEn una misma producción afirma, en una nota, que ese sector social creció y, en otra, que se redujo, pero con datos no pertinentes, que vician las supuestas conclusiones."
Falso,"Cristina se inspira en la Escuela de Frankfurt, pero confunde la historia"
Falso,"FalsoEn un discurso, en la Feria del Libro, en Alemania, atribuyó el comienzo de esa corriente de pensamiento a un período equivocado."
Falso,La Corte Suprema denuncia un recorte; el Gobierno dice que le aumentó
Falso,EngañosoEl Tribunal Supremo y el jefe de Gabinete manipulan las cifras en su provecho y profundizan un conflicto entre poderes.ademÁs..>Otros temas de fondo
Falso,Clarín muestra un Lula “agradecido” con los medios
Falso,"EngañosoReproduce hoy una entrevista publicada en un medio brasileño en la que, sugestivamente, omite algunas frases centrales."
Falso,Scioli: “Hay un 80% menos de chicos intoxicados con alcohol”
Falso,InsostenibleEl gobernador de la provincia de Buenos Aires apeló a una frágil y desactualizada estadística para destacar lo que considera un logro de su gestión.
Falso,"Para La Nación, la inseguridad es más urgente que el aborto"
Falso,"InsostenibleCritica al Parlamento por no dar prioridad a los temas que el matutino considera más relevantes, en una suerte de ranking que carece de fundamentos sólidos.Además...>El Explicador: Aborto, la polémica que viene"
Falso,Michetti: “Somos el país con mayor número de accidentes mortales en el mundo”
Falso,"INSOSTENIBLELa legisladora del PRO relacionó las muertes ocurridas en el reciente derrumbe de un boliche con el poco valor que se la da a la vida en nuestra sociedad, y puso como ejemplo el tránsito."
Falso,Tiempo Argentino anuncia un incremento del 400% del superávit fiscal
Falso,"ExageradoAunque el aumento fue, en efecto, importante, el diario sobreestima la cifra por no tomar en cuenta la inflación interanual."
Falso,Tomada dice que las empresas ya reparten ganancias entre los trabajadores
Falso,"ExageradoEl ministro de Trabajo dice la verdad, pero existe un único caso que utiliza un modelo similar al que propone la iniciativa.Además...>Héctor Méndez acusa a la Argentina de parecerse a Cuba"
Falso,Maravillados con Brasil
Falso,"EngañosoClarín resalta la gestión del presidente Lula, que está por culminar su mandato, pero hace mal las cuentas y equivoca las cifras groseramente."
Falso,Aníbal Fernández: “En la Argentina bajó el nivel de inseguridad”
Falso,"EngañosoEl jefe de Gabinete defendió la gestión gubernamental en el tema, pero con estadísticas desactualizadas."
Falso,"La Nación denuncia una invasión de bolivianos, peruanos y paraguayos"
Falso,"EngañosoEl artículo, que está plagado de inexactitudes y omisiones, desató una oleada de comentarios xenófobos por parte de los lectores."
Falso,¿El odio y la agresividad desataron el problema coronario de Kirchner?
Falso,FalsoLos principales editorialistas de Clarín y La Nación atribuyen al carácter del ex presidente su afección cardíaca.
Falso,Prat Gay: “Estamos igual que en 2001 en distribución de ingresos”
Falso,"FalsoEl legislador reconoce la buena marcha de la economía, pero considera que, desde los días de la última gran crisis, no hubo avances en el alivio de las desigualdades."
Falso,El Cronista dice que el 60% de las familias no llega a fin de mes
Falso,"FalsoEl diario económico confunde una encuesta de percepción con datos objetivos y se desdice, luego, en la misma nota."
Falso,"Para Clarín, la mitad de los trabajadores está en situación precaria"
Falso,"ExageradoEl matutino incluye a los trabajadores independientes entre los que sufren inestabilidad laboral, para abultar las cifras."
Falso,Bullrich: “En dos años y medio se invirtió en escuelas un 50% más que la gestión anterior”
Falso,FalsoLos datos oficiales del Ministerio de Hacienda contradicen el argumento que utilizó el ministro porteño para defenderse de las críticas de padres y alumnos.
Falso,Clarín y Tiempo dan cátedra sobre cómo manipular cifras
Falso,ENGAÑOSOLos dos medios fuerzan los números para acentuar su apoyo o su oposición a la marcha de la economía.Además...>La estadística del carnicero
Falso,Cristina Fernández: “La Argentina tiene el salario mínimo vital y móvil más alto de Latinoamérica”
Falso,"Verdadero, pero...Aunque el dato brindado por la Presidenta sea real, es insuficiente para determinar la verdadera situación de los asalariados en la región."
Verdadero,Mempo Giardinelli: “En los países serios no se permite la siembra de soja transgénica”
Verdadero,"EXAGERADOEl escritor puso como ejemplo Francia, en donde, dijo, no se permite sembrar ni una maceta con este cultivo.Además...>¿Qué es un transgénico?"
Falso,"El caso Fibertel, ¿es un ataque a la libre elección y a la libre expresión?"
Falso,DISCUTIBLEReacciones por el cierre de la prestadora de servicios de internet. Además...>Una lista no tan lista
Falso,La Nación: los argentinos pagan más por un smartphone que sus vecinos de la región
Falso,DISCUTIBLELa Nación analiza los supuestos efectos negativos del impuesto a la importación de tecnología.
Falso,Clarín: el 40% de los pagos de la ANSES no llega al bolsillo de los jubilados
Falso,"FALSODice, además, que se trata de una cifra con la que se les podría asegurar el pago del 82% móvil. Sin embargo, no considera jubilados a quienes se incorporaron al sistema mediante moratorias. "
Falso,¿Hay que envidiar a Perú?
Falso,"Insostenible En una columna publicada en el diario La Nación, el escritor Marcos Aguinis elogia y envidia la actualidad política peruana. Una comparación que deja dudas."
Falso,“Los empresarios argentinos no hacen política”
Falso,"FALSO “Los empresarios, realmente, lo digo seriamente, no hacemos política. Hay algunos empresarios que pueden acomodarse mejor o peor con determinado gobierno. Pero lo único que quieren es seguir siendo empresarios”. (Franco Macri, Revista La Nación, 2 de mayo)"
